{
  "accuracy": 0.9669117647058824,
  "cycle": 1,
  "total_learned": 27,
  "timestamp": "2026-02-12T04:44:10.854737"
}