{
  "meta": {
    "samples": 1800,
    "seed": 42,
    "sequence_length": 60,
    "prediction_horizon": 5,
    "note": "Synthetic benchmark for calibration + walk-forward quality pass."
  },
  "calibration_report": {
    "enabled": true,
    "source": "validation",
    "reason": "ok",
    "sample_count": 360,
    "bin_count": 12,
    "min_bin_samples": 8,
    "used_bins": 2,
    "x_points": [
      0.0,
      0.8207973250938853,
      0.861902652000019,
      1.0
    ],
    "y_points": [
      0.6666666666666666,
      0.6666666666666666,
      0.6666666666666666,
      0.6666666666666666
    ],
    "mapping_points": [
      {
        "raw_confidence": 0.0,
        "calibrated_confidence": 0.6666666666666666,
        "samples": 0
      },
      {
        "raw_confidence": 0.8207973250938853,
        "calibrated_confidence": 0.6666666666666666,
        "samples": 39
      },
      {
        "raw_confidence": 0.861902652000019,
        "calibrated_confidence": 0.6666666666666666,
        "samples": 321
      },
      {
        "raw_confidence": 1.0,
        "calibrated_confidence": 0.6666666666666666,
        "samples": 0
      }
    ],
    "ece_before": 0.38522735269629904,
    "ece_after": 0.19444444444444442,
    "brier_before": 0.40129035186671413,
    "brier_after": 0.2870370370370371,
    "ece_improvement": 0.19078290825185462,
    "brier_improvement": 0.11425331482967704
  },
  "before": {
    "accuracy": 0.45,
    "risk_adjusted_score": 0.2963757284574262,
    "profit_factor": 0.290603905916214,
    "sharpe_ratio": -4.178396420796562,
    "max_drawdown": 0.008004322648048401,
    "excess_return": 1.117849349975586,
    "trades": 3,
    "trade_coverage": 0.016853932584269662,
    "ece": 0.4089202086220957,
    "brier": 0.41582411944873054,
    "walk_stability": 0.9009221171668936,
    "walk_selection_score": 0.3398330134502898,
    "walk_downside_stability": 0.8934918161298705
  },
  "after": {
    "accuracy": 0.45,
    "risk_adjusted_score": 0.3431624602984412,
    "profit_factor": 0.0,
    "sharpe_ratio": 0.0,
    "max_drawdown": 0.0,
    "excess_return": 2.918142080307007,
    "trades": 0,
    "trade_coverage": 0.0,
    "ece": 0.21666666666666662,
    "brier": 0.29444444444444445,
    "walk_stability": 0.9778243796935796,
    "walk_selection_score": 0.3156448786867746,
    "walk_downside_stability": 0.9969510009511502
  },
  "deltas": {
    "risk_adjusted_score_delta": 0.046786731841015006,
    "accuracy_delta": 0.0,
    "profit_factor_delta": -0.290603905916214,
    "sharpe_ratio_delta": 4.178396420796562,
    "excess_return_delta": 1.800292730331421,
    "trade_coverage_delta": -0.016853932584269662,
    "walk_selection_score_delta": -0.024188134763515223,
    "walk_stability_delta": 0.07690226252668597,
    "max_drawdown_improvement": 0.008004322648048401,
    "ece_improvement": 0.1922535419554291,
    "brier_improvement": 0.12137967500428609
  }
}
